{
    "prepare_queue": {
        "installed": [],
        "uninstalled": []
    },
    "config_munge": {
        "files": {
            "config.xml": {
                "parents": {
                    "/*": [
                        {
                            "xml": "<feature name=\"EmailComposer\"><param name=\"ios-package\" value=\"APPEmailComposer\" /></feature>",
                            "count": 1
                        },
                        {
                            "xml": "<feature name=\"Camera\"><param name=\"ios-package\" value=\"CDVCamera\" /></feature>",
                            "count": 1
                        },
                        {
                            "xml": "<preference name=\"CameraUsesGeolocation\" value=\"false\" />",
                            "count": 1
                        }
                    ]
                }
            },
            "*-Info.plist": {
                "parents": {
                    "LSApplicationQueriesSchemes": [
                        {
                            "xml": "<array><string>mailto</string></array>",
                            "count": 1
                        }
                    ],
                    "NSCameraUsageDescription": [
                        {
                            "xml": "<string>This app needs camera access</string>",
                            "count": 1
                        }
                    ],
                    "NSPhotoLibraryUsageDescription": [
                        {
                            "xml": "<string>This app needs photo library access</string>",
                            "count": 1
                        }
                    ],
                    "NSMicrophoneUsageDescription": [
                        {
                            "xml": "<string>This app needs microphone access</string>",
                            "count": 1
                        }
                    ],
                    "NSLocationWhenInUseUsageDescription": [
                        {
                            "xml": "<string />",
                            "count": 1
                        }
                    ]
                }
            }
        }
    },
    "installed_plugins": {
        "cordova-plugin-email-composer": {
            "PACKAGE_NAME": "solareff.app.com"
        },
        "cordova-plugin-ios-camera-permissions": {
            "PACKAGE_NAME": "solareff.app.com"
        },
        "cordova-plugin-camera": {
            "PACKAGE_NAME": "solareff.app.com"
        }
    },
    "dependent_plugins": {},
    "modules": [
        {
            "id": "cordova-plugin-email-composer.EmailComposer",
            "file": "plugins/cordova-plugin-email-composer/www/email_composer.js",
            "pluginId": "cordova-plugin-email-composer",
            "clobbers": [
                "cordova.plugins.email",
                "plugin.email"
            ]
        },
        {
            "id": "cordova-plugin-camera.Camera",
            "file": "plugins/cordova-plugin-camera/www/CameraConstants.js",
            "pluginId": "cordova-plugin-camera",
            "clobbers": [
                "Camera"
            ]
        },
        {
            "id": "cordova-plugin-camera.CameraPopoverOptions",
            "file": "plugins/cordova-plugin-camera/www/CameraPopoverOptions.js",
            "pluginId": "cordova-plugin-camera",
            "clobbers": [
                "CameraPopoverOptions"
            ]
        },
        {
            "id": "cordova-plugin-camera.camera",
            "file": "plugins/cordova-plugin-camera/www/Camera.js",
            "pluginId": "cordova-plugin-camera",
            "clobbers": [
                "navigator.camera"
            ]
        },
        {
            "id": "cordova-plugin-camera.CameraPopoverHandle",
            "file": "plugins/cordova-plugin-camera/www/ios/CameraPopoverHandle.js",
            "pluginId": "cordova-plugin-camera",
            "clobbers": [
                "CameraPopoverHandle"
            ]
        }
    ],
    "plugin_metadata": {
        "cordova-plugin-email-composer": "0.8.3",
        "cordova-plugin-ios-camera-permissions": "1.0.4",
        "cordova-plugin-camera": "2.1.1"
    }
}